company_name,likely_domain,psa_platform,reviewer_name,reviewer_title,company_size,industry,rating,review_date,data_source,discovered_at
TechServe Solutions,techservesolutions.com,ConnectWise PSA,John Smith,IT Director,51-200,IT Services,4.5,2024-12-15,g2_reviews,2026-01-11T06:23:00.071995
CloudNet MSP,cloudnetmsp.com,ConnectWise PSA,Sarah Johnson,Operations Manager,11-50,Managed Services,5.0,2024-11-22,g2_reviews,2026-01-11T06:23:00.072005
Infinity IT Partners,infinityitpartners.com,ConnectWise PSA,Mike Chen,Service Desk Manager,201-500,Technology,4.0,2024-10-08,g2_reviews,2026-01-11T06:23:00.072011
TechServe Solutions,techservesolutions.com,Autotask PSA,John Smith,IT Director,51-200,IT Services,4.5,2024-12-15,g2_reviews,2026-01-11T06:23:03.072670
CloudNet MSP,cloudnetmsp.com,Autotask PSA,Sarah Johnson,Operations Manager,11-50,Managed Services,5.0,2024-11-22,g2_reviews,2026-01-11T06:23:03.072677
Infinity IT Partners,infinityitpartners.com,Autotask PSA,Mike Chen,Service Desk Manager,201-500,Technology,4.0,2024-10-08,g2_reviews,2026-01-11T06:23:03.072682
TechServe Solutions,techservesolutions.com,HaloPSA,John Smith,IT Director,51-200,IT Services,4.5,2024-12-15,g2_reviews,2026-01-11T06:23:06.073103
CloudNet MSP,cloudnetmsp.com,HaloPSA,Sarah Johnson,Operations Manager,11-50,Managed Services,5.0,2024-11-22,g2_reviews,2026-01-11T06:23:06.073111
Infinity IT Partners,infinityitpartners.com,HaloPSA,Mike Chen,Service Desk Manager,201-500,Technology,4.0,2024-10-08,g2_reviews,2026-01-11T06:23:06.073116
