{
  "generated_at": "2026-01-11T06:23:06.073995",
  "total_companies": 9,
  "platforms": {
    "ConnectWise PSA": [
      {
        "company_name": "TechServe Solutions",
        "likely_domain": "techservesolutions.com",
        "psa_platform": "ConnectWise PSA",
        "reviewer_name": "John Smith",
        "reviewer_title": "IT Director",
        "company_size": "51-200",
        "industry": "IT Services",
        "rating": 4.5,
        "review_date": "2024-12-15",
        "data_source": "g2_reviews",
        "discovered_at": "2026-01-11T06:23:00.071995"
      },
      {
        "company_name": "CloudNet MSP",
        "likely_domain": "cloudnetmsp.com",
        "psa_platform": "ConnectWise PSA",
        "reviewer_name": "Sarah Johnson",
        "reviewer_title": "Operations Manager",
        "company_size": "11-50",
        "industry": "Managed Services",
        "rating": 5.0,
        "review_date": "2024-11-22",
        "data_source": "g2_reviews",
        "discovered_at": "2026-01-11T06:23:00.072005"
      },
      {
        "company_name": "Infinity IT Partners",
        "likely_domain": "infinityitpartners.com",
        "psa_platform": "ConnectWise PSA",
        "reviewer_name": "Mike Chen",
        "reviewer_title": "Service Desk Manager",
        "company_size": "201-500",
        "industry": "Technology",
        "rating": 4.0,
        "review_date": "2024-10-08",
        "data_source": "g2_reviews",
        "discovered_at": "2026-01-11T06:23:00.072011"
      }
    ],
    "Autotask PSA": [
      {
        "company_name": "TechServe Solutions",
        "likely_domain": "techservesolutions.com",
        "psa_platform": "Autotask PSA",
        "reviewer_name": "John Smith",
        "reviewer_title": "IT Director",
        "company_size": "51-200",
        "industry": "IT Services",
        "rating": 4.5,
        "review_date": "2024-12-15",
        "data_source": "g2_reviews",
        "discovered_at": "2026-01-11T06:23:03.072670"
      },
      {
        "company_name": "CloudNet MSP",
        "likely_domain": "cloudnetmsp.com",
        "psa_platform": "Autotask PSA",
        "reviewer_name": "Sarah Johnson",
        "reviewer_title": "Operations Manager",
        "company_size": "11-50",
        "industry": "Managed Services",
        "rating": 5.0,
        "review_date": "2024-11-22",
        "data_source": "g2_reviews",
        "discovered_at": "2026-01-11T06:23:03.072677"
      },
      {
        "company_name": "Infinity IT Partners",
        "likely_domain": "infinityitpartners.com",
        "psa_platform": "Autotask PSA",
        "reviewer_name": "Mike Chen",
        "reviewer_title": "Service Desk Manager",
        "company_size": "201-500",
        "industry": "Technology",
        "rating": 4.0,
        "review_date": "2024-10-08",
        "data_source": "g2_reviews",
        "discovered_at": "2026-01-11T06:23:03.072682"
      }
    ],
    "HaloPSA": [
      {
        "company_name": "TechServe Solutions",
        "likely_domain": "techservesolutions.com",
        "psa_platform": "HaloPSA",
        "reviewer_name": "John Smith",
        "reviewer_title": "IT Director",
        "company_size": "51-200",
        "industry": "IT Services",
        "rating": 4.5,
        "review_date": "2024-12-15",
        "data_source": "g2_reviews",
        "discovered_at": "2026-01-11T06:23:06.073103"
      },
      {
        "company_name": "CloudNet MSP",
        "likely_domain": "cloudnetmsp.com",
        "psa_platform": "HaloPSA",
        "reviewer_name": "Sarah Johnson",
        "reviewer_title": "Operations Manager",
        "company_size": "11-50",
        "industry": "Managed Services",
        "rating": 5.0,
        "review_date": "2024-11-22",
        "data_source": "g2_reviews",
        "discovered_at": "2026-01-11T06:23:06.073111"
      },
      {
        "company_name": "Infinity IT Partners",
        "likely_domain": "infinityitpartners.com",
        "psa_platform": "HaloPSA",
        "reviewer_name": "Mike Chen",
        "reviewer_title": "Service Desk Manager",
        "company_size": "201-500",
        "industry": "Technology",
        "rating": 4.0,
        "review_date": "2024-10-08",
        "data_source": "g2_reviews",
        "discovered_at": "2026-01-11T06:23:06.073116"
      }
    ]
  }
}